data_inicio,data_fim,m7,m9,no_sprint
06-03-2021-00-00,12-03-2021-23-59,42.86,114.29,1
13-03-2021-00-00,19-03-2021-23-59,100.0,66.67,2
20-03-2021-00-00,26-03-2021-23-59,0.0,92.86,3
27-03-2021-00-00,02-04-2021-23-59,0.0,100.0,4
03-04-2021-00-00,09-04-2021-23-59,0.0,0.0,5
10-04-2021-00-00,16-04-2021-23-59,20.0,60.0,6
17-04-2021-00-00,23-04-2021-23-59,22.22,44.44,7
01-05-2021-00-00,07-05-2021-23-59,0.0,80.0,9
08-05-2021-00-00,14-05-2021-23-59,0.0,100.0,10
15-05-2021-00-00,21-05-2021-23-59,20.0,100.0,11
